Identification,Country.name,UW,NW,QNW,SAS,QNW.SAS,QNW.SAS.GEO,L.V02,L.V02.GEO,L.V12,L.V12.GEO,IQ.L.V12..NIQ,R,X1.3,X1.3.1,X1.3.2,X1.3.3,X1.3.4,EDU_1990,EDU_2016,Educational.attainment..0.18.years...1990...2016.,Learning_1990,Learning_2016,Learning..0.100...1990...2016.,Harmonized_Learning_Outcomes,Human_Capital_1990,Human_Capital_2016,Human.Capital..1990...2016.,Region,HLO_centered,Region_WB,hdi_1990,hdi_2000,hdi_2023,mys_1990,mys_2000,mys_2023,eys_1990,eys_2000,eys_2023,PK_2025
AFG,Afghanistan,NA,NA,NA,NA,NA,82.14290791,NA,83,NA,75,NA,71.57,NA,NA,NA,NA,NA,NA,NA,NA,NA,NA,NA,315.4551,NA,NA,NA,Rest of World,-101.8242702,South Asia,0.285,0.351,0.496,0.871961963,1.264052241,2.514790058,2.936460018,5.856421507,10.79014324,75.7
ALB,Albania,NA,NA,NA,82.82028319,82.82028319,82.82028319,NA,90,NA,82,NA,82.32,NA,NA,NA,NA,NA,10,11,10.5,76,78,77,411.6444,11,14,12.5,Rest of World,-5.634970186,Europe & Central Asia,0.654,0.682,0.81,7.351564574,8.750521307,10.17531099,11.57933998,10.82122358,14.51014996,84.84914179
DZA,Algeria,NA,NA,NA,75.99772552,75.99772552,75.99772552,NA,84,NA,84.2,8.202274482,85.08,NA,NA,NA,NA,NA,10,12,11,63,68,65.5,382.7845,8,14,11,Rest of World,-34.49487019,MENA,0.595,0.651,0.763,3.91709246,5.609090978,7.416386987,9.797889709,11.22196007,15.4951601,80.30165536
AND,Andorra,NA,NA,NA,NA,NA,96.40306424,NA,NA,NA,97,0.596935761,94.53,NA,NA,NA,NA,NA,12,13,12.5,85,86,85.5,NA,21,24,22.5,Rest of World,NA,Europe & Central Asia,NA,0.825,0.913,NA,9.814466572,11.60999966,9.567166927,10.54659613,14.54279041,NA
AGO,Angola,75.1,75.1,75.1,NA,75.1,75.1,NA,69,NA,71,NA,67.4,75.1,75.1,75.1,75.1,75.1,NA,10,10,NA,66,66,263.1357,NA,7,7,African Countries,-154.1436702,Sub-Saharan Africa,NA,0.391,0.616,NA,3.425745773,5.956173009,3.755630016,4.82183675,12.1676,69.60886051
ATG,Antigua and Barbuda,NA,NA,NA,NA,NA,70.44349232,NA,75,NA,74,3.556507681,70.53,NA,NA,NA,NA,NA,9,11,10,70,70,70,NA,10,14,12,Rest of World,NA,Latin America & Caribbean,NA,NA,0.851,NA,9.202073771,11.64750004,NA,NA,15.50299899,75.46996551
ARG,Argentina,96.11110745,95.11367721,95.52433594,79.40198766,87.4631618,87.4631618,96,96,92.8,92.8,5.3368382,87.91,93.84906599,93.85,93.85,95.52,95.52433594,10,12,11,71,72,71.5,418.3477,12,16,14,Rest of World,1.068329814,Latin America & Caribbean,0.733,0.789,0.865,8.122559492,8.801999855,11.18458184,13.39248967,15.68756962,18.83120918,85.97006942
ARM,Armenia,NA,NA,NA,88.81870321,88.81870321,88.81870321,NA,93,NA,93.2,4.381296789,90.91,NA,NA,NA,NA,NA,13,13,13,76,78,77,464.5221,15,17,16,Rest of World,47.24272981,Europe & Central Asia,0.663,0.667,0.811,9.783419476,10.49194093,11.34497821,11.20504035,10.72482014,14.3838501,88.58130287
AUS,Australia,98.73859192,99.58691118,99.54279015,98.85433598,99.19856307,99.19856307,98,98,99.2,99.2,0.001436934,99.86,99.51870705,99.52,99.52,99.54,99.54279015,11,13,12,88,87,87.5,521.7819,20,23,21.5,Rest of World,104.5025298,East Asia & Pacific,0.867,0.897,0.958,11.22535724,11.28549308,12.86999989,17.4329358,20.77985446,20.65477943,98.54975099
AUT,Austria,102.2274501,100.3868241,100.786029,98.74447421,99.7652516,99.7652516,102,102,99,99,NA,99.28,97.99532927,98,98,98.37,98.37139978,11,13,12,87,87,87,515.229,20,24,22,Rest of World,97.94962981,Europe & Central Asia,0.832,0.879,0.93,10.20007837,11.10642883,12.36146506,13.84039021,15.23290888,16.28428078,98.05235041
AZE,Azerbaijan,NA,NA,NA,84.88666967,84.88666967,84.88666967,NA,87,NA,84.9,0.013330332,87.11,NA,NA,NA,NA,NA,11,11,11,75,76,75.5,433.1995,11,14,12.5,Rest of World,15.92012981,Europe & Central Asia,NA,0.652,0.789,NA,10.30000019,11.06999969,11.28000926,11.5074316,12.90977955,85.18341403
BHS, The Bahamas,84.22,87.04372061,86.9474966,NA,86.9474966,86.9474966,NA,78,NA,84,NA,80.96,86.99228063,86.99,86.99,86.95,86.9474966,10,11,10.5,72,73,72.5,NA,12,14,13,Rest of World,NA,Latin America & Caribbean,NA,NA,NA,NA,NA,NA,NA,NA,82.30047438,
BHR,Bahrain,86.81909627,86.81909627,86.81909627,80.38292241,83.60100934,83.60100934,NA,83,85.9,85.9,2.298990664,86.77,86.81909627,86.82,86.82,86.82,86.81909627,8,11,9.5,69,74,71.5,440.5934,9,14,11.5,Rest of World,23.31402981,MENA,0.734,0.775,0.899,5.110307669,8.045000124,11.13000011,13.29489804,11.61752534,15.92718983,87.57449274
BGD,Bangladesh,76.81035282,74.18823764,74.35863488,NA,74.35863488,74.35863488,NA,81,81,81,6.641365121,80.02,74.32716956,74.33,74.33,74.36,74.35863488,NA,8,8,NA,69,69,303.6015,NA,6,6,Rest of World,-113.6778702,South Asia,0.397,0.477,0.685,3.297097697,4.283905106,6.789999962,5.540100098,7.566326777,12.31016827,78.25808204
BRB,Barbados,91.36583333,91.38962963,91.68763851,NA,91.68763851,91.68763851,78,78,80,80,NA,78.98,91.59829312,91.6,91.6,91.69,91.68763851,12,14,13,72,74,73,NA,15,18,16.5,Rest of World,NA,Latin America & Caribbean,0.73,0.762,0.811,8.368571216,8.989999771,9.92835689,12.94987011,14.2673502,16.6280018,82.4921428
BLR,Belarus,101.6,101.6,101.6,95.19866803,98.39933402,98.39933402,NA,96,NA,95,NA,96.54,101.4969794,101.6,101.6,101.6,101.6,12,15,13.5,81,84,82.5,NA,18,23,20.5,Rest of World,NA,Europe & Central Asia,NA,0.724,0.824,NA,10.38321013,12.33537298,12.5394001,13.24389331,13.71881008,95.64451799
BEL,Belgium,97.71711538,98.53960694,98.65893677,97.88150145,98.27021911,98.27021911,100,100,99.3,99.3,1.02978089,99.56,97.06969853,97.07,97.07,97.3,97.29812088,12,13,12.5,87,88,87.5,521.2859,22,25,23.5,Rest of World,104.0065298,Europe & Central Asia,0.824,0.894,0.951,9.404695261,10.54152656,12.68965045,14.09537029,17.77131081,18.99603081,97.90044328
BLZ,Belize,NA,NA,NA,62.54823997,62.54823997,62.54823997,NA,83,NA,78.8,16.25176003,72.9,NA,NA,NA,NA,NA,8,10,9,63,65,64,326.8286,7,11,9,Rest of World,-90.45077019,Latin America & Caribbean,0.617,0.671,0.721,5.452973136,7.169285502,8.762290001,10.14398371,11.89139481,11.98379993,66.29020884
BEN,Benin,70.35899156,70.35899156,70.35899156,NA,70.35899156,70.35899156,NA,69,NA,71,0.641008442,71.51,NA,NA,70.36,70.36,70.35899156,NA,NA,NA,NA,NA,NA,329.2407,NA,NA,NA,African Countries,-88.03867019,Sub-Saharan Africa,0.351,0.415,0.515,1.452573865,2.290000033,3.194200039,4.814975057,6.516719818,10.4464798,68.87068681
BMU,Bermuda,92.4475,93.40814634,93.19469975,NA,93.19469975,93.19469975,NA,NA,90,90,NA,89.41,93.47735061,93.48,93.48,93.15,93.1529824,9,9,9,70,68,69,NA,11,12,11.5,Rest of World,NA,Latin America & Caribbean,NA,NA,NA,NA,NA,NA,NA,NA,NA,89.802
BTN,Bhutan,NA,NA,NA,NA,NA,87.35018576,NA,78,NA,78,NA,74.7,NA,NA,NA,NA,NA,7,11,9,67,70,68.5,NA,4,9,6.5,Rest of World,NA,South Asia,NA,NA,0.698,NA,NA,5.835794662,5.531229076,7.90440011,13.15274184,76.31180579
BOL,Bolivia,83.78666667,77.34942308,77.34942308,NA,77.34942308,77.34942308,NA,85,87,87,9.650576923,83.36,76.53283734,76.53,76.53,77.35,77.34942308,9,12,10.5,64,67,65.5,NA,7,12,9.5,Rest of World,NA,Latin America & Caribbean,0.552,0.63,0.733,5.993602746,7.098888927,10.02122319,11.04458491,14.01602005,15.61065006,80.68737607
BIH,Bosnia and Herzegovina,90.92362608,90.80821133,90.70787731,85.40676069,88.057319,88.057319,NA,NA,83.2,83.2,NA,92.11,90.72980547,90.73,90.73,90.71,90.70787731,11,12,11.5,80,81,80.5,460.8042,14,17,15.5,Rest of World,43.52482981,Europe & Central Asia,NA,0.674,0.804,NA,6.612996281,10.97000027,NA,11.2798642,13.16394043,87.82362825
BWA,Botswana,76.06157116,76.06157116,76.06157116,62.8304035,69.44598733,69.44598733,NA,72,76.9,76.9,7.454012668,75.42,76.06157116,76.06,76.06,76.06,76.06157116,9,12,10.5,60,65,62.5,394.4283,6,8,7,African Countries,-22.85107019,Sub-Saharan Africa,0.59,0.594,0.731,5.52,7.61,10.478,10.59220615,11.74394989,11.42568016,74.07736439
BRA,Brazil,86.87733449,85.08006331,85.07340396,81.90325478,83.48832937,83.48832937,87,87,85.6,85.6,2.11167063,84.44,85.2153952,85.22,85.22,85.3,85.29963987,9,12,10.5,69,73,71,413.7813,9,16,12.5,Rest of World,-3.498070186,Latin America & Caribbean,0.641,0.69,0.786,3.685051873,5.272178174,8.425371752,14.09510857,14.59323334,15.7927103,83.43944153
BRN,Brunei,NA,NA,NA,87.6085114,87.6085114,87.6085114,NA,92,NA,89,1.391488595,82.19,NA,NA,NA,NA,NA,12,13,12.5,87,92,89.5,NA,18,23,20.5,Rest of World,NA,East Asia & Pacific,NA,NA,NA,NA,NA,NA,NA,NA,NA,85.89157698
BGR,Bulgaria,87.15714286,87.15714286,87.15714286,94.85796121,91.00755203,91.00755203,93,93,93.3,93.3,2.292447967,94,87.09768837,87.1,87.1,87.1,87.10466504,12,13,12.5,83,83,83,475.5102,17,20,18.5,Rest of World,58.23082981,Europe & Central Asia,0.706,0.733,0.845,6.810661453,9.743333287,11.45453092,12.29901028,12.80523014,15.3166399,91.2998371
BFA,Burkina Faso,73.8,73.8,73.8,NA,73.8,73.8,NA,67,NA,70,NA,66.35,73.8,73.8,73.8,73.8,73.8,NA,NA,NA,NA,NA,NA,345.6874,NA,NA,NA,African Countries,-71.59197019,Sub-Saharan Africa,NA,NA,0.459,NA,NA,2.266550064,2.411689997,3.367840052,8.733340263,71.28564398
BDI,Burundi,NA,NA,NA,NA,NA,72.16232153,NA,70,NA,72,NA,68.44,NA,NA,NA,NA,NA,NA,NA,NA,NA,NA,NA,334.5039,NA,NA,NA,Rest of World,-82.77547019,Sub-Saharan Africa,0.294,0.308,0.439,1.460000038,1.998888943,3.473935556,4.218900204,4.599766195,9.829423879,76.76378368
CPV,Cabo Verde,NA,NA,NA,NA,NA,60,NA,78,NA,76,16,72.61,NA,NA,NA,NA,NA,5,9,7,65,67,66,NA,4,9,6.5,African Countries,NA,Sub-Saharan Africa,NA,0.585,0.668,NA,5.314436678,6.09003905,NA,10.89157009,11.36709717,71.26
KHM,Cambodia,80.62795786,99.03793454,99.73442485,NA,99.73442485,99.73442485,NA,89,NA,92,NA,85.18,99.75239419,99.75,99.75,99.73,99.73442485,6,9,7.5,67,71,69,445.0891,3,7,5,Rest of World,27.80972981,East Asia & Pacific,0.387,0.438,0.606,2.817617319,3.372761251,5.197100163,6.885230713,7.958469868,11.19789219,84.1
CMR,Cameroon,NA,NA,NA,NA,NA,67.82970081,NA,70,64,64,NA,62.28,NA,NA,NA,NA,NA,6,11,8.5,78,71,74.5,377.8324,4,7,5.5,African Countries,-39.44697019,Sub-Saharan Africa,0.448,0.439,0.588,2.137363225,2.981221328,6.574180412,8.211890221,7.393889904,10.79187965,67.94294129
CAN,Canada,91.45576264,98.76039946,98.36810701,100.8672834,99.61769521,99.61769521,97,97,100.4,100.4,0.782304792,101.22,98.12247916,98.12,98.12,97.86,97.85927324,13,13,13,87,89,88,535.9052,23,25,24,Rest of World,118.6258298,North America,0.865,0.894,0.939,10.74872914,12.48599987,13.86999989,16.68971062,15.75918961,15.88825989,100.88
CYM,Cayman Islands,NA,NA,NA,NA,NA,82.26100418,NA,NA,NA,NA,NA,NA,NA,NA,NA,NA,NA,NA,NA,NA,NA,NA,NA,NA,NA,NA,NA,Rest of World,NA,Latin America & Caribbean,NA,NA,NA,NA,NA,NA,NA,NA,NA,NA
CAF,Central African Rep.,NA,NA,NA,NA,NA,63.57907427,NA,68,64,64,0.420925729,62.28,NA,NA,NA,NA,NA,NA,NA,NA,NA,NA,NA,NA,NA,NA,NA,African Countries,NA,Sub-Saharan Africa,0.342,0.333,0.414,1.867779274,2.593130448,3.989431459,5.280560017,4.909631841,7.435767778,66.66055569
TCD,Chad,NA,NA,NA,NA,NA,77.95458516,NA,72,NA,66,NA,62.18,NA,NA,NA,NA,NA,NA,NA,NA,NA,NA,NA,312.4825,NA,NA,NA,African Countries,-104.7968702,Sub-Saharan Africa,NA,0.303,0.416,NA,1.280210316,2.334984892,2.534906066,4.895040035,8.347590231,65.7296814
CHL,Chile,87.89878032,89.60737082,89.88182236,86.02380508,87.95281372,87.95281372,NA,93,89.8,89.8,1.847186282,88.1,89.84699272,89.85,89.85,89.88,89.88182236,11,11,11,72,78,75,448.851,15,19,17,Rest of World,31.57162981,Latin America & Caribbean,0.718,0.771,0.878,8.384781038,9.1479843,11.29105394,12.74779872,13.13626003,16.91242027,88.36733768
CHN,China,103.7932904,100.8396735,100.332073,105.341476,102.8367745,102.8367745,100,100,105.8,105.8,2.963225481,103.39,104.9693472,104.97,104.97,104.66,104.6585822,10,13,11.5,85,89,87,556.416,11,20,15.5,Rest of World,139.1366298,East Asia & Pacific,0.491,0.598,0.797,4.139999866,6.119999886,8.036181597,8.605669975,9.904560328,15.4787495,100.2
COL,Colombia,79.37277778,85.109673,85.65215743,80.40164874,83.02690308,83.02690308,89,89,83.1,83.1,0.073096919,81.54,85.95095401,85.95,85.95,85.65,85.65215743,9,11,10,66,72,69,416.1059,9,14,11.5,Rest of World,-1.173470186,Latin America & Caribbean,0.623,0.679,0.788,6.346991442,6.862727382,9.031581597,9.167188807,12.15445042,14.28641033,82.52700866
COM,Comoros,NA,NA,NA,NA,NA,77.00920972,NA,79,NA,77,NA,73.66,NA,NA,NA,NA,NA,5,10,7.5,59,64,61.5,326.3648,3,7,5,Rest of World,-90.91457019,Sub-Saharan Africa,NA,0.461,0.603,NA,2.71568799,6.006840229,7.426238172,8.182189941,13.29446063,74.76564523
COD,"Congo,  Democratic Republic of the",64.1211,64.75769162,65.67152085,NA,65.67152085,65.67152085,65,65,68,68,2.32847915,66.46,64.92469322,64.92,64.92,65.67,65.67152085,8,NA,8,58,NA,58,286.682,3,NA,3,African Countries,-130.5973702,Sub-Saharan Africa,0.388,0.391,0.522,3.51599373,5.141164165,7.378561086,6.191844261,6.937803507,66.55731804,
COG,"Congo,  Republic of the",62.9662764,62.9662764,62.9662764,NA,62.9662764,62.9662764,73,73,73,73,10.0337236,71.67,62.9662764,62.97,62.97,62.97,62.9662764,10,11,10.5,58,62,60,336.205,5,7,6,African Countries,-81.07437019,Sub-Saharan Africa,0.573,0.545,0.649,5.860829425,7.26262234,8.322644792,11.11108971,9.178855705,68.78993066,
COK,Cook Islands,NA,NA,NA,NA,NA,83.96,NA,NA,89,89,5.04,88.37,NA,NA,NA,NA,NA,NA,NA,NA,NA,NA,NA,NA,NA,NA,NA,Rest of World,NA,East Asia & Pacific,NA,NA,NA,NA,NA,NA,NA,NA,NA,89.16
CRI,Costa Rica,87.45095587,88.04291899,89.09728785,87.42610566,88.26169676,88.26169676,NA,91,86,86,NA,87.32,88.88981323,88.89,88.89,89.1,89.09728785,8,11,9.5,74,76,75,445.9334,11,16,13.5,Rest of World,28.65402981,Latin America & Caribbean,0.677,0.72,0.833,6.808398879,7.558133279,8.844752499,9.739709854,11.46004009,16.34963687,85.79012688
CIV,Cote d Ivoire,NA,NA,NA,NA,NA,60.83531464,NA,71,71,71,10.16468536,69.59,NA,NA,NA,NA,NA,NA,NA,NA,NA,NA,NA,339.4407,NA,NA,NA,African Countries,-77.83867019,Sub-Saharan Africa,0.389,0.419,0.582,1.970933041,3.139966854,4.869999886,5.348631403,6.487278112,11.41112995,67.87057246
HRV,Croatia,91.35486282,92.10435727,92.17152212,97.49605973,94.83379092,94.83379092,90,90,97.8,97.8,2.966209077,97.05,93.92260489,93.92,93.92,93.72,93.72168036,13,14,13.5,84,85,84.5,500.1697,19,22,20.5,Rest of World,82.89032981,Europe & Central Asia,NA,0.769,0.889,6.566150529,9.623000288,12.0951217,9.719560833,12.82217979,16.34815025,95.55467252
CUB,Cuba,82.82019621,83.60637487,83.78146047,NA,83.78146047,83.78146047,85,85,NA,85,1.218539534,84.2,83.90252345,83.9,83.9,83.78,83.78146047,12,12,12,85,87,86,524.2694,18,20,19,Rest of World,106.9900298,Latin America & Caribbean,0.687,0.697,0.762,8.793096581,9.99731911,10.63148903,12.60223961,12.44509983,13.87884045,87.9
CYP,Cyprus,95.51453092,95.7506955,95.75223548,90.96923788,93.36073668,93.36073668,NA,92,NA,91.8,NA,94.61,95.75186005,95.75,95.75,95.75,95.75223548,12,13,12.5,81,83,82,478.5039,19,24,21.5,Rest of World,61.22452981,Europe & Central Asia,0.749,0.808,0.913,8.293974129,9.910000165,12.5573721,10.67582622,12.40380001,16.21559906,92.27967147
CZE,Czechia,NA,NA,NA,99.22028698,99.22028698,99.22028698,97,97,98.9,98.9,NA,99.17,90.62,90.62,90.62,90.62,90.62,12,13,12.5,89,87,88,516.687,20,23,21.5,Rest of World,99.40762981,Europe & Central Asia,0.753,0.817,0.915,9.105088587,10.98799992,12.96318214,12.10068035,14.02147961,16.7935009,98.25480885
DNK,Denmark,97.48658224,97.48658224,97.48658224,99.02117849,98.25388036,98.25388036,98,98,97.2,97.2,NA,98.64,96.68203112,96.68,96.68,96.84,96.83852592,13,14,13.5,85,88,86.5,519.8731,23,27,25,Rest of World,102.5937298,Europe & Central Asia,0.844,0.896,0.962,11.48003458,12.47500002,13.0273206,14.31334019,16.20286942,18.70401001,97.9953541
DJI,Djibouti,60,60,60,NA,60,60,NA,68,NA,75,15,71.57,NA,NA,52.14,60,60,5,9,7,62,66,64,NA,3,6,4.5,Rest of World,NA,MENA,NA,0.337,0.513,NA,1.506125028,3.95041503,2.456440572,3.338967562,6.207350016,66.09767516
DMA,Dominica,66.03790517,66.03063777,66.02348118,NA,66.02348118,66.02348118,NA,75,67,67,0.976518815,65.41,66.02507051,66.03,66.03,66.02,66.02348118,10,12,11,73,74,73.5,NA,12,15,13.5,Rest of World,NA,Latin America & Caribbean,NA,0.721,0.761,NA,7.636415183,10.12508965,NA,14.92225705,14.15099967,75.835
DOM,Dominican Republic,89.15,89.15,89.15,74.42786142,81.78893071,81.78893071,NA,84,82,82,0.211069291,79.56,89.15,89.15,89.15,89.15,89.15,9,10,9.5,61,63,62,365.5136,8,11,9.5,Rest of World,-51.76577019,Latin America & Caribbean,0.589,0.658,0.776,5.266333294,6.465090095,9.444525756,9.292522645,11.13067214,13.61692047,82.41
ECU,Ecuador,76.74199631,78.27694121,78.23546038,NA,78.23546038,78.23546038,80,80,88,88,9.764539619,82.56,78.25820442,78.26,78.26,78.24,78.23546038,9,10,9.5,66,69,67.5,407.3172,9,12,10.5,Rest of World,-9.962170186,Latin America & Caribbean,0.646,0.683,0.777,6.75,7.320588112,8.970000267,11.40330029,12.67896271,14.85167027,82.04
EGY,Egypt,80.81477826,86.35217869,86.42548603,66.18798115,76.30673359,76.30673359,83,83,82.7,82.7,6.393266409,84.12,86.45529942,86.46,86.46,86.41,86.40806951,9,12,10.5,65,66,65.5,381.6071,6,12,9,Rest of World,-35.67227019,MENA,0.572,0.639,0.754,5.302696833,6.365999985,10.13611962,9.206990242,10.77771521,13.12716193,81.255
SLV,El Salvador,NA,NA,NA,69.63380002,69.63380002,69.63380002,NA,84,NA,78,8.366199983,78.96,NA,NA,NA,NA,NA,8,11,9.5,65,68,66.5,378.535,7,12,9.5,Rest of World,-38.74437019,Latin America & Caribbean,0.523,0.607,0.678,3.730029082,4.975714309,7.300000191,8.514767823,10.89731979,11.11291027,79.87
GNQ,Equatorial Guinea,NA,NA,NA,NA,NA,NA,59,59,NA,69,NA,65.31,NA,NA,NA,NA,NA,8,12,10,64,68,66,NA,4,9,6.5,African Countries,NA,Sub-Saharan Africa,NA,0.508,0.674,NA,6.393709877,8.281327014,NA,6.095940113,12.49119511,69.667
ERI,Eritrea,71.85006309,68.69025035,68.59808708,NA,68.59808708,68.59808708,NA,68,75.5,75.5,6.901912923,74.28,68.77339987,68.77,68.77,68.6,68.59808708,NA,10,10,NA,64,64,NA,NA,7,7,African Countries,NA,MENA,NA,NA,0.503,NA,NA,5.09136442,NA,7.421460152,7.336672297,72.25828571
EST,Estonia,100.4436925,99.32582061,99.32582061,102.9039208,101.1148707,101.1148707,NA,97,99.7,99.7,NA,100.61,98.57584289,98.58,98.58,99.33,99.32582061,13,14,13.5,88,90,89,532.3697,19,24,21.5,Rest of World,115.0903298,Europe & Central Asia,0.738,0.793,0.905,9.658926988,12.18000031,13.56216597,13.0799799,15.16271973,15.96786022,101.86
ETH,Ethiopia,68.89353172,68.24327957,68.55958338,NA,68.55958338,68.55958338,63,63,68.5,68.5,NA,66.98,68.41528697,68.42,68.42,68.56,68.55958338,NA,NA,NA,NA,NA,NA,323.8424,NA,NA,NA,African Countries,-93.43697019,Sub-Saharan Africa,NA,0.293,0.497,NA,1.482605772,2.402539813,2.954899966,4.218190193,9.217651571,68.42459501
FJI,Fiji,NA,NA,NA,NA,NA,83.96,84,84,85,85,1.04,84.2,NA,NA,NA,NA,NA,9,12,10.5,76,78,77,NA,10,14,12,Rest of World,NA,East Asia & Pacific,0.629,0.668,0.731,6.598862054,8.253636317,10.37096977,11.63193653,12.08948255,13.84869,82.43317133
FIN,Finland,98.02748196,98.67355078,98.3568877,102.9532782,100.6550829,100.6550829,97,97,100.9,100.9,0.244917062,101.47,99.31117706,99.31,99.31,98,98.00476602,14,15,14.5,89,91,90,549.4081,25,28,26.5,Rest of World,132.1287298,Europe & Central Asia,0.823,0.898,0.948,9.180000305,11.41846173,12.97962547,15.05280972,17.68334961,19.49408913,100.86
FRA,France,102.7409433,101.1427956,101.9254,96.33584386,99.13062191,99.13062191,98,98,98.1,98.1,NA,98.32,97.0208955,97.02,97.02,97.48,98.01853695,13,13,13,85,87,86,511.7848,22,25,23.5,Rest of World,94.50542981,Europe & Central Asia,0.798,0.852,0.92,7.550000191,9.471428462,11.7656677,13.98425961,14.93727016,16.09511948,96.83220141
GAB,Gabon,NA,NA,NA,NA,NA,62.9662764,NA,66,NA,69,6.0337236,65.31,NA,NA,NA,NA,NA,9,11,10,78,83,80.5,443.1604,7,12,9.5,African Countries,25.88102981,Sub-Saharan Africa,0.621,0.652,0.733,4.32,6.15,9.686,11.06384079,11.50307465,12.48275889,78.59294745
GMB,The Gambia,60,60,60,NA,60,60,NA,65,62,62,2,60.19,52.67984066,49.78,49.78,60,60,5,9,7,62,65,63.5,326.6085,3,5,4,African Countries,-90.67087019,Sub-Saharan Africa,NA,NA,NA,NA,NA,NA,NA,NA,63.7,
PSE,Gaza Strip,79.44779177,76.46234216,76.82800322,75.71796551,76.27298436,76.27298436,NA,NA,84.5,84.5,8.227015638,83.75,79.66183589,79.66,79.66,79.8,79.80109871,10,14,12,68,69,68.5,403.6316,10,15,12.5,Rest of World,-13.64777019,MENA,NA,NA,NA,NA,NA,NA,NA,NA,NA,80.99765113
DEU,Germany,100.6250475,101.1832602,102.0573661,99.16482129,100.6110937,100.6110937,102,102,98.8,98.8,NA,99.13,102.3259435,102.33,102.33,101.66,101.6576907,11,12,11.5,86,88,87,522.0789,20,23,21.5,Rest of World,104.7995298,Europe & Central Asia,0.834,0.897,0.959,10.3635898,12.41976383,14.29637163,14.37678802,16.16333967,17.30921936,98.34890606
GEO,Georgia,NA,NA,NA,84.43035475,84.43035475,84.43035475,NA,93,NA,86.7,2.269645247,87,NA,NA,NA,NA,NA,13,13,13,72,75,73.5,436.5674,15,18,16.5,Rest of World,19.28802981,Europe & Central Asia,NA,0.705,0.844,NA,11.80593791,12.69999981,13.03065177,12.59049034,16.75470924,84.98503666
GHA,Ghana,62.92587033,61.58619487,61.67062928,60,60.83531464,60.83531464,71,71,69.7,69.7,8.864685358,64.22,61.62883478,61.63,61.63,61.95,61.95106653,6,11,8.5,55,55,55,287.0956,3,7,5,Rest of World,-130.1837702,Sub-Saharan Africa,0.432,0.487,0.628,4.183136892,5.222531394,7.107210159,5.655748717,7.17249012,11.41845989,63.84670747
GRC,Greece,86.24676573,87.75774333,87.98215201,95.04671354,91.51443277,91.51443277,92,92,93.2,93.2,1.685567226,95.47,86.44740043,86.45,86.45,86.38,86.38065226,13,13,13,82,83,82.5,482.6788,21,23,22,Rest of World,65.39942981,Europe & Central Asia,0.77,0.828,0.908,7.812785756,9.103571449,11.55385642,12.61826992,15.08321953,20.84550095,92.57453845
GRL,Greenland,94.68,94.68,94.68,NA,94.68,94.68,NA,NA,91,91,NA,88.27,NA,NA,NA,94.68,94.68,8,10,9,83,84,83.5,NA,12,16,14,Rest of World,NA,Europe & Central Asia,NA,NA,NA,NA,NA,NA,NA,NA,NA,92.26014286
GRD,Grenada,NA,NA,NA,NA,NA,79.38877807,NA,75,NA,74,NA,70.53,NA,NA,NA,NA,NA,7,10,8.5,68,71,69.5,NA,7,12,9.5,Rest of World,NA,Latin America & Caribbean,NA,NA,0.791,NA,NA,9.446399307,14.92853619,15.64236555,16.57728919,74.67125497
GTM,Guatemala,61.32165995,60.99130632,61.29494248,NA,61.29494248,61.29494248,79,79,79,79,17.70505752,79.91,47.72143329,47.72,47.72,61.29,61.29494248,6,9,7.5,65,69,67,398.0742,4,8,6,Rest of World,-19.20517019,Latin America & Caribbean,0.499,0.563,0.662,3.1943688,3.917029283,5.847300053,6.89961844,8.417814391,10.67763042,78.78
GIN,Guinea,NA,NA,NA,NA,NA,60,66,66,66.5,66.5,6.5,64.89,NA,NA,NA,NA,NA,NA,NA,NA,NA,NA,NA,360.3864,NA,NA,NA,Rest of World,-56.89297019,Sub-Saharan Africa,0.282,0.359,0.5,1.312727442,1.444285716,2.486339025,2.694149971,5.239470005,10.39330626,69.55304847
GNB,Guinea-Bissau,NA,NA,NA,NA,NA,NA,NA,66,NA,69,NA,65.31,NA,NA,NA,NA,NA,NA,NA,NA,NA,NA,NA,NA,NA,NA,NA,Rest of World,NA,Sub-Saharan Africa,NA,NA,0.514,NA,NA,3.673035,6.612446919,7.941308404,10.63534621,64.26
GUY,Guyana,NA,NA,NA,NA,NA,83.32635385,NA,84,NA,81,NA,77.83,NA,NA,NA,NA,NA,8,10,9,71,72,71.5,300.2046,7,10,8.5,Rest of World,-117.0747702,Latin America & Caribbean,0.494,0.567,0.776,5.271297611,6.010992254,8.702429672,8.467954444,10.20007604,13.02205765,75.57337485
HTI,Haiti,78.42362192,86.20686326,88.6007914,NA,88.6007914,88.6007914,NA,72,NA,67,NA,63.22,82.1046765,82.1,83.87,88.6,88.6007914,5,9,7,66,68,67,284.634,3,7,5,Rest of World,-132.6453702,Latin America & Caribbean,0.461,0.497,0.554,2.680190065,3.73632444,5.3822999,9.246763957,9.847923645,10.89635878,72.74
HND,Honduras,NA,NA,NA,62.15840503,62.15840503,62.15840503,NA,84,81,81,18.84159497,80.12,NA,NA,NA,NA,NA,7,9,8,62,67,64.5,404.8022,6,10,8,Rest of World,-12.47717019,Latin America & Caribbean,0.516,0.558,0.645,3.864076634,4.597074777,7.510229074,8.164045768,9.166520627,10.16220647,79.3
HKG,Hong Kong,110.3128582,106.0099315,106.0840838,104.6224103,105.3532471,105.3532471,107,107,105.7,105.7,0.346752945,103.91,106.0595084,106.06,106.06,106.08,106.0840838,NA,NA,NA,NA,NA,NA,559.3899,NA,NA,NA,Rest of World,142.1105298,East Asia & Pacific,0.755,0.839,0.955,8.669747987,10.26200027,12.35000038,9.417396624,12.52632846,16.89586067,106.02
HUN,Hungary,99.36708,99.36708,99.36708,99.24293361,99.3050068,99.3050068,99,99,98.1,98.1,NA,98.43,99.20676939,99.21,99.21,99.22,99.2166603,11,13,12,87,87,87,517.9305,17,22,19.5,Rest of World,100.6511298,Europe & Central Asia,0.73,0.781,0.87,9.479999542,10.17090884,12.33162229,11.34864044,14.34342003,15.46940041,97.20226485
ISL,Iceland,99.9932829,100.4986514,100.4986514,95.95224834,98.22544986,98.22544986,NA,98,98.6,98.6,0.374550137,99.06,100.4986514,100.5,100.5,100.5,100.4986514,14,14,14,84,86,85,508.153,24,27,25.5,Rest of World,90.87362981,Europe & Central Asia,0.841,0.902,0.972,10.50758987,11.73720145,13.90892628,14.14389992,17.02371025,18.85058975,96.67603282
IND,India,73.94017872,78.42197227,78.70986199,73.57138103,76.14062151,76.14062151,81,81,82.2,82.2,6.05937849,76.21,78.91691303,78.92,78.92,78.76,78.75715333,6,10,8,63,66,64.5,367.6497,3,7,5,Rest of World,-49.62967019,South Asia,0.446,0.501,0.685,2.780574365,4.14268005,6.880000114,8.20444394,8.326029778,12.95454025,76.26506765
IDN,Indonesia,79.70322532,79.13290384,79.06792204,78.51959585,78.79375894,78.79375894,89,89,85.8,85.8,7.006241057,84.33,78.46712698,78.47,78.54,79.07,79.06792204,9,11,10,68,70,69,407.3909,6,10,8,Rest of World,-9.888470186,East Asia & Pacific,0.531,0.6,0.728,3.220000029,5.951250106,8.6972232,10.15548038,10.76461029,13.33577728,81.87992897
IRN,Iran,79.39924209,78.9828352,78.86806703,81.13936424,80.00371563,80.00371563,84,84,85.6,85.6,5.596284366,84.82,78.87706188,78.88,78.88,78.87,78.86806703,10,12,11,69,73,71,430.3248,9,15,12,Rest of World,13.04542981,MENA,0.626,0.71,0.799,5.738688277,8.458445755,10.84671198,10.80354888,11.79728985,13.96833061,83.70839349
IRQ,Iraq,90.70193973,89.28369222,89.81242835,NA,89.81242835,89.81242835,87,87,87,87,NA,86.28,89.28300481,89.28,89.28,89.45,94.49985858,8,10,9,65,67,66,331.2157,6,9,7.5,Rest of World,-86.06367019,MENA,0.531,0.592,0.695,4.870067518,5.603819943,6.780046287,7.327815947,8.340339661,12.35940135,82.2688
IRL,Ireland,89.67599833,89.65031039,90.10323145,100.3174468,95.2103391,95.2103391,93,93,94.9,94.9,NA,97.72,89.93878188,89.94,89.94,90.01,90.01342988,12,13,12.5,86,89,87.5,526.2687,20,24,22,Rest of World,108.9893298,Europe & Central Asia,0.776,0.869,0.949,9.132083385,10.53000011,11.72499956,12.67891026,16.71693993,19.1848793,99.1
ISR,Israel,92.18129718,90.60879481,90.64123079,94.38846331,92.51484705,92.51484705,94,94,94.6,94.6,2.08515295,94.37,90.57138296,90.57,90.57,90.64,90.64123079,11,12,11.5,85,85,85,487.4813,19,21,20,Rest of World,70.20192981,MENA,0.787,0.839,0.919,9.899425421,10.59050045,13.53459474,12.10217953,14.3139801,14.93416023,93.87882911
ITA,Italy,91.85145379,91.20782399,91.12841165,96.81412664,93.97126914,93.97126914,102,102,96.1,96.1,2.128730857,97.99,91.65920148,91.66,91.66,91.51,91.51337725,11,12,11.5,85,86,85.5,503.7631,19,22,20.5,Rest of World,86.48372981,Europe & Central Asia,0.787,0.849,0.915,7.438088771,8.75429378,10.82812827,12.96341991,15.08234024,16.71419907,96.32791207
JAM,Jamaica,74.03672795,74.32884011,75.16611708,NA,75.16611708,75.16611708,72,72,71,71,NA,69.59,75.08437422,75.08,75.08,75.31,75.30686171,9,11,10,72,73,72.5,374.2811,10,14,12,Rest of World,-42.99827019,Latin America & Caribbean,0.662,0.659,0.72,6.687517327,7.521499801,9.959910393,11.20173568,10.10260963,12.3833955,79.82
JPN,Japan,107.4656363,106.8720186,107.3090548,105.4653699,106.3872124,106.3872124,105,105,104.2,104.2,NA,103.99,107.4067516,107.41,108.47,107.31,107.3090548,11,12,11.5,93,94,93.5,552.8587,21,24,22.5,Rest of World,135.5793298,East Asia & Pacific,0.853,0.889,0.925,11.64000034,12.08500004,12.68404671,13.3987999,14.98795945,15.51198006,105.897
JOR,Jordan,77.85141513,77.80382232,77.90184668,83.63152856,80.76668762,80.76668762,NA,87,87.6,87.6,6.833312383,87.6,77.9729275,77.97,77.97,77.9,77.90184668,11,13,12,73,71,72,417.897,12,16,14,Rest of World,0.617629814,MENA,0.619,0.672,0.754,5.004888903,7.359569967,10.23999977,11.38271999,11.81544018,13.1090498,83.73956533
KAZ,Kazakhstan,89.49169787,84.26667094,84.26667094,93.26353591,88.76510342,88.76510342,NA,93,85,85,NA,86.79,84.26667094,84.27,84.27,84.27,84.26667094,11,13,12,82,84,83,488.5769,13,18,15.5,Rest of World,71.29752981,Europe & Central Asia,0.689,0.692,0.837,7.501172074,9.787500024,12.54717423,12.20178986,12.23789978,14.0086174,88.64177868
KEN,Kenya,73.81409752,75.21696548,75.22246844,NA,75.22246844,75.22246844,72,72,NA,74.5,NA,75.99,75.20418386,75.2,75.2,75.22,75.22246844,8,11,9.5,61,66,63.5,417.9574,5,8,6.5,African Countries,0.678029814,Sub-Saharan Africa,0.485,0.5,0.628,3.837998657,5.426847564,8.624710083,7.874494037,8.391160011,11.47407573,78.10019937
KIR,Kiribati,NA,NA,NA,NA,NA,83.96,NA,84,NA,85,1.04,82.01,NA,NA,NA,NA,NA,5,8,6.5,72,75,73.5,366.9276,4,7,5.5,Rest of World,-50.35177019,East Asia & Pacific,NA,NA,0.644,NA,7.541033476,9.128581569,NA,NA,11.87390648,80.45353088
PRK,North Korea,NA,NA,NA,NA,NA,102.752669,NA,104,NA,104.6,1.847331009,99.89,NA,NA,NA,NA,NA,9,11,10,78,83,80.5,NA,8,12,10,Rest of World,NA,East Asia & Pacific,NA,NA,NA,NA,NA,NA,NA,NA,87.9,
KOR,South Korea,101.0058374,97.73434245,98.10087957,107.1768585,102.638869,102.638869,106,106,104.6,104.6,1.961130969,104.96,97.36749866,97.37,97.37,97.59,97.58589975,12,13,12.5,93,96,94.5,565.0503,20,26,23,Rest of World,147.7709298,East Asia & Pacific,0.738,0.83,0.937,9.270000458,10.61999989,12.72219869,12.95363998,15.53610992,103.84,
KWT,Kuwait,89.02599475,88.05605055,88.02795492,69.21158447,78.6197697,78.6197697,NA,83,85.6,85.6,6.980230303,80.44,88.06862142,88.07,88.07,88.03,88.03067814,8,13,10.5,65,65,65,368.355,9,17,13,Rest of World,-48.92437019,MENA,0.698,0.778,0.852,5.639212854,6.212345194,7.566007112,8.914629936,12.26894999,15.90424029,84.26
KGZ,Kyrgyzstan,86.9355769,86.9355769,86.9355769,71.24984809,79.0927125,79.0927125,NA,87,NA,74.8,NA,76.46,87.07982883,86.94,86.94,86.94,86.9355769,12,13,12.5,68,70,69,354.662,11,14,12.5,Rest of World,-62.61737019,Europe & Central Asia,0.649,0.627,0.72,9.171428537,10.34699993,12.06588858,11.89770031,11.43684006,12.71388245,80.51
LAO,Laos,85.44375,82.43947183,80.12453169,NA,80.12453169,80.12453169,NA,89,89,89,8.875468313,88.37,80.99259811,80.99,80.99,80.12,80.12453169,6,9,7.5,68,71,69.5,339.7734,3,7,5,Rest of World,-77.50597019,East Asia & Pacific,0.409,0.473,0.617,3.365593212,4.247836093,6.06024616,6.493869781,7.925909996,9.605483055,84.77
LVA,Latvia,91.14460638,91.14460638,91.14460638,98.49066875,94.81763756,94.81763756,NA,97,NA,95.9,1.082362435,97.31,91.14460638,91.14,91.14,91.14,91.14460638,13,14,13.5,84,87,85.5,510.0098,18,23,20.5,Rest of World,92.73042981,Europe & Central Asia,0.736,0.764,0.889,9.157459643,11.47105064,13.40943983,12.65927029,14.19244003,16.48265076,96.85440042
LBN,Lebanon,83.1,83.1,83.38846154,80.03279948,81.71063051,81.71063051,86,86,84.6,84.6,2.88936949,82.9,83.29736842,83.3,83.3,83.39,83.38846154,13,15,14,69,72,70.5,414.6213,14,18,16,Rest of World,-2.658070186,MENA,NA,NA,0.752,NA,NA,10.36999989,8.497730443,10.27898343,11.68299961,81.68515456
LSO,Lesotho,NA,NA,NA,NA,NA,69.79818527,NA,72,NA,66.5,NA,66.04,NA,NA,NA,NA,NA,7,NA,7,54,NA,54,347.6396,3,NA,3,African Countries,-69.63977019,Sub-Saharan Africa,0.483,0.462,0.55,4.112594557,5.003950888,7.729883486,8.905960083,9.67057991,10.98659352,71.28539091
LBR,Liberia,NA,NA,NA,NA,NA,60,NA,65,NA,68,8,64.26,NA,NA,NA,NA,NA,NA,NA,NA,NA,NA,NA,284.1087,NA,NA,NA,African Countries,-133.1706702,Sub-Saharan Africa,NA,0.443,0.51,2.648864266,3.525027062,6.169891955,NA,10.43476963,10.46585369,67.21787984
LBY,Libya,77.8499359,79.46527948,79.83051841,NA,79.83051841,79.83051841,NA,84,85,85,5.169481586,84.2,80.91792057,80.92,80.92,81,80.99845527,8,14,11,68,74,71,NA,8,16,12,Rest of World,NA,MENA,0.69,0.727,0.721,3.81,5.58,7.77860643,15.17610887,15.96991488,12.92465677,81.77628571
LIE,Liechtenstein,NA,NA,NA,101.0735798,101.0735798,101.0735798,NA,NA,NA,100.3,NA,99.54,NA,NA,NA,NA,NA,NA,NA,NA,NA,NA,NA,527.9789,NA,NA,NA,Rest of World,110.6995298,Europe & Central Asia,NA,0.882,0.938,10.24009353,11.14999962,12.40995938,NA,14.0703913,15.41257954,101.6616247
LTU,Lithuania,93.80119106,94.18349026,94.87406853,97.21900703,96.04653778,96.04653778,NA,97,94.3,94.3,NA,95.04,94.53030563,94.53,94.53,94.73,94.73302874,13,13,13,84,86,85,512.6881,18,21,19.5,Rest of World,95.40872981,Europe & Central Asia,0.745,0.778,0.895,9.160664084,10.94838156,13.61069239,12.74308968,14.49923992,16.45467949,96.02697245
LUX,Luxembourg,NA,NA,NA,99.90266041,99.90266041,99.90266041,NA,101,NA,95,NA,97.73,NA,NA,NA,NA,NA,12,13,12.5,85,87,86,495.9385,21,25,23,Rest of World,78.65912981,Europe & Central Asia,0.787,0.861,0.922,8.819303591,10.55599957,12.58937195,10.49890687,13.41460991,14.35795021,96.46834858
MAC,Macau,NA,NA,NA,100.139038,100.139038,100.139038,NA,NA,NA,99.9,NA,98.13,NA,NA,NA,NA,NA,NA,NA,NA,NA,NA,NA,528.9288,NA,NA,NA,Rest of World,111.6494298,East Asia & Pacific,NA,NA,NA,NA,NA,NA,NA,NA,NA,103.9
MKD,Macedonia,NA,NA,NA,82.50572308,82.50572308,82.50572308,NA,93,NA,90.5,7.994276922,86.46,NA,NA,NA,NA,NA,11,13,12,75,75,75,417.156,15,18,16.5,Rest of World,-0.123370186,Europe & Central Asia,0.644,0.686,0.815,4.603085669,6.67749989,10.22999954,11.32026995,11.89542007,14.78143978,83.40585026
MDG,Madagascar,NA,NA,NA,NA,NA,77.04060714,NA,79,82,82,4.959392857,81.07,NA,NA,NA,NA,NA,5,NA,5,80,NA,80,318.5682,3,NA,3,African Countries,-98.71117019,Sub-Saharan Africa,NA,0.443,0.487,NA,3.902890818,4.592520237,6.070099831,7.8235267,9.062584503,77.70270686
MWI,Malawi,69.70399301,69.70399301,69.70399301,NA,69.70399301,69.70399301,NA,71,60.1,60.1,NA,60.43,69.70399301,69.7,69.7,69.7,69.70399301,NA,NA,NA,NA,NA,NA,293.8125,NA,NA,NA,African Countries,-123.4668702,Sub-Saharan Africa,0.306,0.394,0.517,2.278483217,3.013931779,5.243740082,5.295790195,10.67986965,9.902591705,65.67701765
MYS,Malaysia,87.21590081,88.28397245,88.31657565,89.26604282,88.79130924,88.79130924,92,92,91.7,91.7,2.908690764,91.11,86.05,86.05,86.05,86.05,86.05,8,12,10,78,78,78,454.2159,8,15,11.5,Rest of World,36.93652981,East Asia & Pacific,0.653,0.733,0.819,6.147382829,8.420000076,11.09000015,10.47682953,12.39342976,12.67639256,88.95845974
MDV,Maldives,NA,NA,NA,NA,NA,80.50624395,NA,81,NA,81,0.493756046,77.83,NA,NA,NA,NA,NA,7,11,9,68,74,71,NA,4,12,8,Rest of World,NA,South Asia,NA,0.639,0.766,NA,3.46923766,7.410372866,NA,11.99182753,12.76840687,77.26
MLI,Mali,60,60,60,NA,60,60,NA,69,69.5,69.5,9.5,68.02,59.76,59.76,59.76,60,60,NA,NA,NA,NA,NA,NA,263.4047,NA,NA,NA,African Countries,-153.8746702,Sub-Saharan Africa,0.24,0.32,0.419,0.844299708,1.184364868,1.629999995,1.942090034,4.327819824,7.011331533,66.93450202
MLT,Malta,91.93410621,93.59873798,93.71161672,88.82445682,91.26803677,91.26803677,NA,95,95.3,95.3,4.031963229,94.54,93.66629726,93.67,93.67,93.71,93.71161672,10,12,11,82,82,82,470.8925,17,21,19,Rest of World,53.61312981,Europe & Central Asia,0.735,0.79,0.924,6.463803698,7.46999979,12.4207021,12.54930019,14.05391026,15.90985012,92.97688903
MNP,Mariana Islands,NA,NA,NA,NA,NA,81.89246167,NA,84,81,81,NA,80.02,NA,NA,NA,NA,NA,12,14,13,73,76,74.5,NA,15,18,16.5,Rest of World,NA,East Asia & Pacific,NA,NA,NA,NA,NA,NA,NA,NA,NA,81.16
MHL,Marshall Islands,83.96,83.96,83.96,NA,83.96,83.96,84,84,84,84,0.04,83.15,83.96,83.96,83.96,83.96,83.96,9,11,10,73,76,74.5,NA,9,12,10.5,Rest of World,NA,East Asia & Pacific,NA,NA,0.733,NA,NA,11.6366644,NA,NA,16.38606071,86.5
MRT,Mauritania,NA,NA,NA,NA,NA,60,NA,74,NA,74,14,74.08,NA,NA,NA,NA,NA,5,9,7,69,71,70,278.0977,3,7,5,African Countries,-139.1816702,Sub-Saharan Africa,0.396,0.468,0.563,2.266610354,3.018759081,4.852025862,3.684839964,6.303480148,7.949540636,73.10348195
MUS,Mauritius,86.82,86.82,86.82,86.30117271,86.56058635,86.56058635,NA,81,NA,88,1.439413646,87.67,86.82,86.82,86.82,86.82,86.82,10,11,10.5,66,73,69.5,455.4983,8,12,10,African Countries,38.21892981,Sub-Saharan Africa,0.627,0.683,0.806,5.860000134,6.300000191,10.10332754,9.971670151,11.92842007,14.16282114,86.49222363
MEX,Mexico,90.33656336,90.43643858,90.43643858,85.23443138,87.83543498,87.83543498,87,87,87.8,87.8,NA,85.55,90.43643858,90.44,90.44,90.44,90.43643858,9,10,9.5,70,74,72,435.0883,10,13,11.5,Rest of World,17.80892981,Latin America & Caribbean,0.668,0.712,0.789,5.949999809,6.659999847,9.349510934,11.18052959,11.96185017,14.46811008,85.51937702
FSM, Federated States of Micronesia,NA,NA,NA,NA,NA,83.96,NA,84,NA,84,0.04,80.96,NA,NA,NA,NA,NA,10,11,10.5,73,76,74.5,NA,8,12,10,Rest of World,NA,East Asia & Pacific,NA,0.596,0.615,NA,7.80353371,7.33252398,NA,10.65165943,74.66312332,
MDA,Moldova,NA,NA,NA,90.19961124,90.19961124,90.19961124,NA,95,NA,92,1.800388764,90.64,NA,NA,NA,NA,NA,11,13,12,78,80,79,458.5083,13,18,15.5,Rest of World,41.22892981,Europe & Central Asia,NA,NA,0.785,9.120047755,10.26991781,11.82999992,NA,NA,14.63856847,87.93410522
MNG,Mongolia,99.3579787,99.3579787,99.3579787,82.69437369,91.0261762,91.0261762,NA,98,100,100,8.973823803,91.24,99.3579787,99.36,99.36,99.36,99.3579787,10,11,10.5,73,74,73.5,434.6187,9,12,10.5,Rest of World,17.33932981,East Asia & Pacific,0.593,0.611,0.747,8.488107412,9.039999962,9.420000076,10.12985992,9.16119957,13.6376543,93.37
MNE,Montenegro,NA,NA,NA,86.11290602,86.11290602,86.11290602,NA,NA,NA,85.9,NA,88.27,NA,NA,NA,NA,NA,12,13,12.5,80,79,79.5,429.1718,17,19,18,Rest of World,11.89242981,Europe & Central Asia,NA,NA,0.862,NA,NA,12.77392572,NA,11.49033095,15.53652954,86.84023904
MAR,Morocco,73.37319533,68.75903819,68.61697729,69.9189719,69.2679746,69.2679746,85,85,82.4,82.4,13.1320254,75.35,68.72627335,68.73,68.73,68.7,68.70215214,6,11,8.5,58,62,60,348.3888,5,10,7.5,Rest of World,-68.89057019,MENA,0.451,0.528,0.71,2.11,3.26,6.198,6.382909775,8.56276989,15.07499027,75.63203917
MOZ,Mozambique,NA,NA,NA,NA,NA,72.45300961,NA,72,69.5,69.5,NA,77.87,NA,NA,NA,NA,NA,NA,NA,NA,NA,NA,NA,373.5743,NA,NA,NA,African Countries,-43.70507019,Sub-Saharan Africa,0.246,0.311,0.493,1.599835197,1.754036179,4.590489864,3.871253902,6.018149853,10.84830885,74.29549956
MMR,Myanmar,NA,NA,NA,NA,NA,90.79690278,NA,86,NA,85,NA,82.01,NA,NA,NA,NA,NA,6,9,7.5,68,72,70,436.744,3,8,5.5,Rest of World,19.46462981,East Asia & Pacific,0.347,0.415,0.609,2.220867026,2.833204848,6.380000114,6.440790176,7.909849803,11.50456047,83.09951057
NAM,Namibia,66.19438315,66.19438315,66.19438315,NA,66.19438315,66.19438315,NA,72,70.4,70.4,4.205616853,68.24,66.19438315,66.19,66.19,66.19,66.19438315,8,11,9.5,51,57,54,354.5742,4,6,5,African Countries,-62.70517019,Sub-Saharan Africa,0.597,0.561,0.665,5.701014186,5.791000175,7.273146745,11.65740713,12.02659512,11.78505588,69.66574913
NPL,Nepal,60,60,60,NA,60,60,78,78,78,78,18,76.89,42.98873014,42.99,42.99,60,60,NA,9,9,NA,69,69,340.5283,NA,7,7,Rest of World,-76.75107019,South Asia,0.404,0.471,0.622,2.46742671,2.89495114,4.50372982,7.272699833,8.580169678,13.75430393,76.9777
NLD,Netherlands,101.0508295,100.1313157,100.3622726,101.1655594,100.763916,100.763916,102,102,100.4,100.4,NA,101.23,100.1864382,100.19,100.19,100.32,100.3233878,12,14,13,89,89,89,533.648,23,27,25,Rest of World,116.3686298,Europe & Central Asia,0.855,0.9,0.955,11.10278685,11.78999996,12.66994689,14.7744503,16.53998947,18.58485031,100.078
ANT,Netherlands Antilles,80.0144528,80.0144528,80.0144528,NA,80.0144528,80.0144528,NA,NA,87,87,6.9855472,86.28,80.0144528,80.01,80.01,80.01,80.0144528,NA,NA,NA,NA,NA,NA,NA,NA,NA,NA,Rest of World,NA,Latin America & Caribbean,NA,NA,NA,NA,NA,NA,NA,NA,NA,83.26085714
NCL,New Caledonia,NA,NA,NA,NA,NA,94.15957622,NA,NA,NA,85,NA,84.2,NA,NA,NA,NA,NA,NA,NA,NA,NA,NA,NA,NA,NA,NA,NA,Rest of World,NA,East Asia & Pacific,NA,NA,NA,NA,NA,NA,NA,NA,NA,NA
NZL,New Zealand,99.9161,100.4635157,100.6026897,98.03764141,99.32016558,99.32016558,100,100,98.9,98.9,NA,99.85,99.01276779,99.01,99.01,99.58,99.57868074,11,13,12,85,86,85.5,517.2933,19,22,20.5,Rest of World,100.0139298,East Asia & Pacific,0.811,0.896,0.938,10.13968275,12.80299969,12.88299807,14.59095001,17.92928823,19.30005074,98.12925894
NIC,Nicaragua,61.16,60.35248619,60.21673129,NA,60.21673129,60.21673129,NA,84,NA,84,23.78326871,81.4,52.68927386,52.69,52.69,60.22,60.21673129,7,9,8,66,68,67,409.7143,7,11,9,Rest of World,-7.565070186,Latin America & Caribbean,0.515,0.593,0.706,5.515347586,6.850358371,9.933019638,7.302750111,10.0330786,11.51021957,77.947
NER,Niger,NA,NA,NA,NA,NA,70.8651801,NA,67,NA,70,NA,66.35,NA,NA,NA,NA,NA,NA,NA,NA,NA,NA,NA,276.1302,NA,NA,NA,African Countries,-141.1491702,Sub-Saharan Africa,0.215,0.266,0.419,0.728185322,1.160875151,1.412289341,1.964450002,2.712899945,8.308919801,62.39523912
NGA,Nigeria,72.66042073,67.86762699,67.82970081,NA,67.82970081,67.82970081,67,67,71.2,71.2,3.370299186,75.21,67.76423011,67.8,67.8,67.83,67.82871049,8,NA,8,64,NA,64,261.8287,3,NA,3,African Countries,-155.4506702,Sub-Saharan Africa,0.379,0.435,0.56,2.751935383,4.514021747,7.585969925,5.83456407,8.045780182,10.51407,69.67081583
NOR,Norway,100.8776403,100.5415812,102.248188,94.79136998,98.51977899,98.51977899,98,98,97.2,97.2,NA,98.33,99.50865548,99.51,99.51,99.66,99.65645755,12,13,12.5,83,86,84.5,495.5166,21,25,23,Rest of World,78.23722981,Europe & Central Asia,0.856,0.924,0.97,11.71000004,12.08142826,13.11796218,14.01183033,17.42749023,18.79285049,97.50164167
OMN,Oman,85.16101789,83.50309162,83.77904627,74.10213724,78.94059175,78.94059175,NA,83,84.5,84.5,5.559408246,81.37,83.29824357,83.3,83.3,83.32,83.31968919,8,12,10,67,74,70.5,405.5205,6,14,10,Rest of World,-11.75887019,MENA,NA,0.707,0.858,NA,5.421167138,11.89000034,7.651329994,10.46758213,13.43931961,81.15969586
PAK,Pakistan,81.8563548,79.75106814,80.04897109,NA,80.04897109,80.04897109,NA,81,84,84,3.951028913,83.15,80.00430874,80,80,80.05,80.051086,5,9,7,66,68,67,280.8463,3,6,4.5,Rest of World,-136.4330702,South Asia,0.396,0.436,0.544,2.316496308,3.322343388,4.316987038,4.238239765,4.662332131,7.89510849,70.86444
PAN,Panama,NA,NA,NA,78.81547868,78.81547868,78.81547868,NA,85,NA,80,1.184521324,81.05,NA,NA,NA,NA,NA,10,12,11,68,69,68.5,392.5971,11,15,13,Rest of World,-24.68227019,Latin America & Caribbean,0.672,0.718,0.839,7.409999847,7.880000114,10.83375095,10.88070965,12.33343983,13.3116098,79.25225787
PNG,Papua New Guinea,NA,NA,NA,NA,NA,78.79375894,NA,84,83.4,83.4,4.606241057,81.59,NA,NA,NA,NA,NA,4,NA,4,71,NA,71,357.3704,2,NA,2,Rest of World,-59.90897019,East Asia & Pacific,0.403,0.456,0.576,2.394565745,3.364777727,4.962531078,4.600746032,6.142994287,11.51107187,71.7666
PRY,Paraguay,NA,NA,NA,NA,NA,84.65647211,NA,85,84,84,NA,82.37,NA,NA,NA,NA,NA,8,11,9.5,64,67,65.5,389.0865,9,14,11.5,Rest of World,-28.19287019,Latin America & Caribbean,0.607,0.664,0.756,5.744568091,6.793636409,8.930653385,9.1561203,12.14581013,13.98706964,78.55766648
PER,Peru,81.5904756,85.56618462,85.34476284,78.84862586,82.09669435,82.09669435,90,90,84.2,84.2,2.10330565,81.73,85.39406945,85.39,85.39,85.34,85.34476284,10,11,10.5,66,70,68,396.1988,9,13,11,Rest of World,-21.08057019,Latin America & Caribbean,0.625,0.682,0.794,7.775329917,8.363636537,10.15465159,11.68725967,12.81503963,14.90939376,82.71079566
PHL,Philippines,90.10844736,92.72714947,92.28645045,73.56080168,82.92362606,82.92362606,86,86,86.1,86.1,3.176373937,80.36,92.47481976,92.47,92.47,92.29,92.28645045,10,12,11,63,64,63.5,371.7499,7,10,8.5,Rest of World,-45.52947019,East Asia & Pacific,0.593,0.632,0.72,7.179999828,7.570000172,9.977239609,10.73402023,11.53904009,12.81904666,77.6817362
POL,Poland,97.08899972,94.17779782,94.52995464,98.22280039,96.37637751,96.37637751,99,99,96.1,96.1,NA,97.47,94.61592606,94.62,94.62,94.74,94.74375781,12,14,13,86,87,86.5,516.2302,17,23,20,Rest of World,98.95082981,Europe & Central Asia,0.722,0.801,0.906,9.667546013,11.24283811,13.20854242,12.11456966,14.89494991,16.67827988,98.19353907
PRT,Portugal,88.42220083,89.22193849,89.4211918,96.15940815,92.79029998,92.79029998,95,95,94.4,94.4,1.609700024,93.5,89.50354021,89.71,89.71,89.65,89.65436625,9,11,10,82,86,84,502.7092,15,20,17.5,Rest of World,85.42982981,Europe & Central Asia,0.707,0.797,0.89,5.271124767,6.789999962,9.703254412,11.83831978,15.6854403,17.48682022,95.59875232
PRI,Puerto Rico,87.53955483,82.08282123,81.88613176,NA,81.88613176,81.88613176,84,84,83.5,83.5,1.613868242,81.59,81.98513577,81.99,81.99,81.89,81.88613176,13,13,13,71,73,72,NA,16,18,17,Rest of World,NA,Unclassified,NA,NA,NA,NA,NA,NA,NA,NA,NA,83.22888889
QAT,Qatar,85.5761528,85.5761528,85.5761528,76.38007988,80.97811634,80.97811634,78,78,80.1,80.1,NA,81.66,85.5761528,85.58,85.58,85.58,85.5761528,10,11,10.5,64,70,67,387.8694,10,15,12.5,Rest of World,-29.40997019,MENA,0.767,0.795,0.886,6.412119619,7.651637166,10.77000046,12.08216,12.12788963,13.14116001,84.28897534
ROU,Romania,88.43365278,82.83461211,83.18770225,90.62359588,86.90564906,86.90564906,94,94,91,91,4.094350937,90.34,83.10713409,83.11,83.11,83.19,83.18770225,11,13,12,80,79,79.5,461.113,15,18,16.5,Rest of World,43.83362981,Europe & Central Asia,0.719,0.73,0.845,8.495332311,9.48200016,11.55000019,12.47976971,12.20909977,14.05288029,87.3375
RUS,Russia,96.15476883,96.38718202,96.14996334,99.71758761,97.93377547,97.93377547,96,96,96.6,96.6,NA,97.38,92.94535355,92.95,92.95,93.18,96.14996334,11,12,11.5,86,90,88,517.6613,15,19,17,Rest of World,100.3819298,Europe & Central Asia,0.762,0.75,0.832,9.653424899,12.05865535,12.40999985,12.65668964,12.79107237,13.18515015,97.59090411
RWA,Rwanda,NA,NA,NA,NA,NA,70.22754665,NA,70,76,76,5.772453351,74.8,NA,NA,NA,NA,NA,NA,8,8,NA,62,62,308.1743,NA,6,6,African Countries,-109.1050702,Sub-Saharan Africa,NA,0.34,0.578,1.904477602,2.456343271,4.880000114,NA,6.472990036,12.59045029,74.90733887
SHN,Saint Helena  Ascension  and Tristan da Cunha,NA,NA,NA,NA,NA,68.98863467,NA,NA,NA,86,17.01136533,83.05,NA,NA,NA,NA,NA,NA,NA,NA,NA,NA,NA,NA,NA,NA,NA,Rest of World,NA,Sub-Saharan Africa,NA,NA,NA,NA,NA,NA,NA,NA,,
KNA.,Saint Kitts and Nevis,NA,NA,NA,NA,NA,70.44349232,NA,NA,NA,74,3.556507681,70.53,NA,NA,NA,NA,NA,NA,NA,NA,NA,NA,NA,NA,NA,NA,NA,Rest of World,NA,Latin America & Caribbean,NA,NA,0.84,NA,NA,10.8494008,12.99134617,13.82878075,18.40703011,NA
LCA,Saint Lucia,NA,NA,NA,NA,NA,73.71066124,NA,NA,62,62,NA,60.19,NA,NA,NA,NA,NA,7,11,9,70,72,71,NA,7,14,10.5,Rest of World,NA,Latin America & Caribbean,0.683,0.71,0.748,6.560689573,7.464736838,8.614167055,11.76698299,12.26150842,12.73040962,67.10904622
VCT,Saint Vincent and the Grenadines,63.42086401,63.42086401,63.42086401,NA,63.42086401,63.42086401,NA,NA,71,71,7.579135987,69.59,63.42086401,63.42,63.42,63.42,63.42086401,6,9,7.5,68,71,69.5,NA,7,11,9,Rest of World,NA,Latin America & Caribbean,NA,0.7,0.798,NA,9.396341268,11.29534968,10.55753964,12.07246017,16.2530213,69.96547095
WSM,Samoa,NA,NA,NA,NA,NA,83.96,87,87,88,88,4.04,87.33,NA,NA,NA,NA,NA,9,11,10,76,78,77,NA,11,15,13,Rest of World,NA,East Asia & Pacific,NA,0.676,0.708,10.12837681,10.84554745,11.33298361,11.6098,11.60974026,12.4364,88
STP,Sao Tome and Principe,NA,NA,NA,NA,NA,65.48916602,NA,59,NA,67,1.510833979,63.22,NA,NA,NA,NA,NA,7,9,8,62,66,64,NA,4,7,5.5,African Countries,NA,Sub-Saharan Africa,NA,NA,0.637,4.099278683,4.634581778,5.987559175,NA,NA,12.8567099,62.26
SAU,Saudi Arabia,78.63394944,78.52133345,78.77846536,76.80668687,77.79257611,77.79257611,NA,83,79.6,79.6,1.807423885,78.44,78.48338831,78.48,78.48,78.73,78.72562296,8,14,11,63,68,65.5,394.9916,7,17,12,Rest of World,-22.28777019,MENA,0.67,0.737,0.9,5.575075365,6.670000076,11.60642778,9.059376352,11.58084793,16.94943047,80.66774574
SEN,Senegal,NA,NA,NA,NA,NA,60,NA,65,70.5,70.5,10.5,69.06,NA,NA,NA,NA,NA,NA,NA,NA,NA,NA,NA,327.6022,NA,NA,NA,African Countries,-89.67717019,Sub-Saharan Africa,0.377,0.398,0.53,1.99764146,1.716155618,2.934554012,4.31622616,5.490004158,9.142709732,72.33960236
SRB,Serbia,87.28128041,87.48619138,87.88686985,91.52425836,89.70556411,89.70556411,NA,93,90.3,90.3,0.594435892,91.08,87.82010447,87.82,87.82,87.89,87.88686985,12,13,12.5,81,82,81.5,474.9976,17,20,18.5,Rest of World,57.71822981,Europe & Central Asia,NA,0.701,0.833,6.299135469,7.44011095,11.64171812,12.34569899,13.17163612,15.04216003,91.15086017
SYC,Seychelles,78.76,78.76,78.76,NA,78.76,78.76,NA,81,NA,84.4,5.64,82.5,78.76,78.76,78.76,78.76,78.76,10,11,10.5,67,72,69.5,456.522,10,14,12,African Countries,39.24262981,Sub-Saharan Africa,NA,NA,0.848,NA,10.27393787,11.19995,NA,NA,18.22489929,82.37791363
SLE,Sierra Leone,60,60,60,NA,60,60,64,64,64,64,4,62.28,45.07451526,45.07,45.07,60,60,NA,NA,NA,NA,NA,NA,244.8024,NA,NA,NA,African Countries,-172.4769702,Sub-Saharan Africa,0.313,0.318,0.467,1.905222798,2.773425592,3.535297609,4.661960125,6.181112003,9.064124575,63.18480579
SGP,Singapore,101.9931027,103.7471139,105.1071814,107.2413644,106.1742729,106.1742729,103,103,107.1,107.1,0.925727096,105.29,104.5845804,104.58,104.58,105.11,105.1071814,10,12,11,94,98,96,578.5142,17,24,20.5,Rest of World,161.2348298,East Asia & Pacific,0.819,0.882,0.946,7.539999962,9.475000381,11.98999977,16.40782026,16.79748897,16.74227905,108.7
SVK,Slovakia,95.318225,95.318225,95.318225,97.24736353,96.28279427,96.28279427,96,96,98,98,1.717205733,98.2,95.318225,95.32,95.32,95.32,95.318225,12,13,12.5,87,85,86,503.1807,18,21,19.5,Rest of World,85.90132981,Europe & Central Asia,0.698,0.774,0.88,6.862864605,9.950000191,13.10320397,11.45825015,13.4864502,14.94684982,95.93415934
SVN,Slovenia,97.75783422,98.33796399,98.82515,98.57534784,98.70024892,98.70024892,95,95,97.6,97.6,NA,97.88,98.59774823,98.6,98.6,98.74,98.73664501,12,14,13,86,86,86,516.3006,18,23,20.5,Rest of World,99.02122981,Europe & Central Asia,0.734,0.829,0.931,7.191773668,10.50076925,12.95120192,12.0217104,14.97756004,17.47717094,97.7192994
SLB,Solomon Islands,NA,NA,NA,NA,NA,83.96,NA,84,NA,83,NA,79.92,NA,NA,NA,NA,NA,5,8,6.5,72,75,73.5,328.967,4,7,5.5,Rest of World,-88.31237019,East Asia & Pacific,NA,0.547,0.584,NA,5.092110034,5.8796802,10.81152111,10.9960526,11.31304207,75.3106781
SOM,Somalia,67.67491892,67.67491892,67.67491892,NA,67.67491892,67.67491892,NA,68,NA,72,4.325081079,68.44,67.67491892,67.67,67.67,67.67,67.67491892,NA,NA,NA,NA,NA,NA,NA,NA,NA,NA,African Countries,NA,MENA,NA,NA,0.404,NA,NA,1.899999976,NA,NA,7.486165162,67.90475
ZAF,South Africa,74.54231383,79.63833851,79.59637053,60,69.79818527,69.79818527,72,72,71.6,71.6,1.801814734,70.23,79.1962516,79.2,79.2,79.59,79.59465719,10,12,11,53,58,55.5,351.99,6,7,6.5,African Countries,-65.28937019,Sub-Saharan Africa,0.633,0.618,0.741,6.699636675,7.463539778,11.60999966,11.99145985,11.93591523,13.79325008,70.37235428
SSD,South Sudan,63.10893186,60.11343546,60.1141414,NA,60.1141414,60.1141414,NA,NA,NA,NA,NA,NA,58.61219027,58.61,58.61,60.11,60.1141414,NA,NA,NA,NA,NA,NA,278.7276,NA,NA,NA,African Countries,-138.5517702,Sub-Saharan Africa,NA,NA,0.388,NA,NA,5.730000019,NA,NA,5.634770141,65.84240717
ESP,Spain,92.58901813,93.11562628,92.55959276,95.48413343,94.02186309,94.02186309,97,97,96.6,96.6,2.578136905,96.76,92.32346929,92.32,92.32,92.26,92.25965701,10,11,10.5,85,86,85.5,502.0695,18,20,19,Rest of World,84.79012981,Europe & Central Asia,0.766,0.833,0.918,5.87854336,7.84923106,10.75612495,14.35657978,15.8646698,17.83031082,95.54364608
LKA,Sri Lanka,91.31371522,86.62197585,86.61811035,NA,86.61811035,86.61811035,NA,81,79,79,NA,77.94,86.61895964,86.62,86.62,86.62,86.61811035,9,13,11,70,75,72.5,400,7,13,10,Rest of World,-17.27937019,South Asia,0.638,0.702,0.776,8.525088062,10.56060331,10.77000046,11.49196747,12.37730384,13.12815666,80.94156436
SDN,Sudan,77.05750092,78.10887024,77.95458516,NA,77.95458516,77.95458516,72,72,77.5,77.5,NA,76.37,78.87409984,78.87,77.91,77.83,77.82557282,6,10,8,62,67,64.5,360.6543,3,7,5,African Countries,-56.62507019,MENA,NA,NA,0.511,1.5,2.44,3.962,3.575123192,5.268424466,8.620371878,76.263301
SUR,Suriname,NA,NA,NA,NA,NA,91.6088846,89,89,89,89,NA,88.37,NA,NA,NA,NA,NA,8,10,9,68,70,69,NA,8,11,9.5,Rest of World,NA,Latin America & Caribbean,NA,NA,0.722,NA,NA,8.429759582,10.76805019,11.11260875,10.95909977,87.84333333
SWZ,Swaziland,NA,NA,NA,NA,NA,69.79818527,NA,72,NA,75.4,5.601814734,75.64,NA,NA,NA,NA,NA,8,10,9,54,56,55,422.9953,5,5,5,Rest of World,5.715929814,Sub-Saharan Africa,NA,NA,NA,NA,NA,NA,NA,NA,NA,79.72684478
SWE,Sweden,96.44,96.44,96.44,99.08645988,97.76322994,97.76322994,101,101,98.6,98.6,0.836770058,99.81,94.96361703,94.96,94.96,94.92,94.92203057,12,13,12.5,87,87,87,516.5414,22,24,23,Rest of World,99.26202981,Europe & Central Asia,0.818,0.912,0.959,9.550000191,11.44666672,12.74032574,12.94981956,18.69342995,18.99147034,98.5088585
CHE,Switzerland,99.70935365,97.62054657,97.56850619,101.1034314,99.33596882,99.33596882,101,101,100.2,100.2,0.864031183,100.34,97.2645513,97.26,97.26,97.27,97.27451309,11,13,12,88,88,88,524.1566,20,25,22.5,Rest of World,106.8772298,Europe & Central Asia,0.858,0.892,0.97,10.53429956,10.63767836,13.94912109,13.49625969,15.03796959,16.66753006,99.56090111
SYR,Syria,72.85445319,72.98499917,72.98630383,75.83381903,74.41006143,74.41006143,NA,87,82,82,7.589938568,82.37,72.98710163,72.99,72.99,72.99,72.98720586,9,13,11,64,69,66.5,403.589,7,12,9.5,Rest of World,-13.69037019,MENA,0.572,0.594,0.564,3.782856583,4.364101549,5.935520062,10.29174995,10.01195458,7.418754527,78.44522322
TWN,Taiwan,106.9418864,108.7990922,109.0400095,104.1358115,106.5879105,106.5879105,104,104,104.6,104.6,NA,103.01,108.6895696,108.69,108.69,108.71,108.7126486,13,14,13.5,93,95,94,557.957,21,26,23.5,Rest of World,140.6776298,East Asia & Pacific,NA,NA,NA,NA,NA,NA,NA,NA,NA,105.23
TJK,Tajikistan,87.71476303,87.71476303,87.71476303,NA,87.71476303,87.71476303,NA,87,NA,80,NA,82.45,87.71476303,87.71,87.71,87.71,87.71476303,11,11,11,76,76,76,478.4159,10,11,10.5,Rest of World,61.13652981,Europe & Central Asia,NA,0.554,0.691,9.302970461,10.80000019,11.27094825,11.81420321,9.621109962,10.84980801,83.82881746
TZA,Tanzania,71.33072944,74.55094724,74.76304981,NA,74.76304981,74.76304981,72,72,73,73,NA,73.57,74.95478908,74.95,74.95,74.76,74.76304981,NA,9,9,NA,64,64,415.5146,NA,6,6,African Countries,-1.764770186,Sub-Saharan Africa,0.381,0.414,0.555,3.331898555,4.22966011,6.065350056,5.407980348,6.309351628,8.585740089,75.78889422
THA,Thailand,87.46706859,88.52106356,90.30056849,87.88473868,89.09265358,89.09265358,91,91,89.9,89.9,0.807346416,89.72,89.78157058,89.78,89.88,90.3,90.30056849,9,13,11,76,77,76.5,445.3512,8,16,12,Rest of World,28.07182981,East Asia & Pacific,0.584,0.657,0.798,4.5103041,5.66437669,9.039999962,8.760849953,11.32449341,15.35883492,87.39054754
TLS,Timor-Leste,NA,NA,NA,NA,NA,78.79375894,NA,NA,NA,85,6.206241057,82.01,NA,NA,NA,NA,NA,7,11,9,69,72,70.5,341.0854,4,8,6,Rest of World,-76.19397019,East Asia & Pacific,NA,0.507,0.634,NA,3.773451021,6.226580551,NA,9.691092949,13.25306303,77.08135948
TGO,Togo,NA,NA,NA,NA,NA,65.03653137,NA,69,NA,70,4.963468627,66.35,NA,NA,NA,NA,NA,5,9,7,63,64,63.5,336.1701,3,6,4.5,African Countries,-81.10927019,Sub-Saharan Africa,0.412,0.448,0.571,2.317076507,3.084269062,5.861114619,7.330160141,9.483499527,13.09642387,70.47846199
TON,Tonga,NA,NA,NA,NA,NA,83.96,87,87,86,86,2.04,85.24,NA,NA,NA,NA,NA,10,11,10.5,76,77,76.5,349.3031,11,14,12.5,Rest of World,-67.97627019,East Asia & Pacific,0.641,0.688,0.769,9.120179424,10.04599972,10.91494895,11.42297889,13.02054977,17.78693018,82.61419439
TTO,Trinidad and Tobago,NA,NA,NA,85.62754549,85.62754549,85.62754549,NA,80,86.4,86.4,0.77245451,88.04,NA,NA,NA,NA,NA,8,9,8.5,75,76,75.5,445.6272,10,12,11,Rest of World,28.34782981,Latin America & Caribbean,0.661,0.714,0.807,7.25,8.94444455,10.79275036,10.69306493,11.3776311,14.23764336,86.96320383
TUN,Tunisia,NA,NA,NA,79.22103653,79.22103653,79.22103653,NA,84,85.4,85.4,6.178963468,85.65,NA,NA,NA,NA,NA,9,13,11,64,68,66,391.6288,8,15,11.5,Rest of World,-25.65057019,MENA,0.569,0.654,0.746,3.46403646,4.948623515,7.594920158,9.835510254,12.53472996,14.67349856,83.52380281
TUR,Turkey,89.97339384,87.1126239,87.14736008,87.14081336,87.14408672,87.14408672,90,90,89.4,89.4,2.255913276,86.33,86.65687471,86.66,86.66,87.15,87.14736008,8,14,11,73,79,76,462.5486,8,20,14,Rest of World,45.26922981,Europe & Central Asia,0.598,0.669,0.853,4.456984655,5.450705295,8.98624366,8.922039986,11.13335514,19.8307991,90.16166854
TKM,Turkmenistan,NA,NA,NA,NA,NA,85.49227085,NA,87,NA,80,NA,81.88,NA,NA,NA,NA,NA,11,10,10.5,75,77,76,NA,10,13,11.5,Rest of World,NA,Europe & Central Asia,NA,NA,0.764,NA,10.91863227,11.20780193,NA,NA,13.24057961,81.26
TCA,Turks and Caicos Islands,NA,NA,NA,NA,NA,84.20502961,NA,NA,NA,NA,NA,NA,NA,NA,NA,NA,NA,NA,NA,NA,NA,NA,NA,NA,NA,NA,NA,Rest of World,NA,Latin America & Caribbean,NA,NA,NA,NA,NA,NA,NA,NA,NA,NA
UGA,Uganda,67.73202451,75.7472646,76.47705423,NA,76.47705423,76.47705423,73,73,71.7,71.7,NA,70.27,76.41983657,76.42,76.42,76.48,76.47705423,NA,NA,NA,NA,NA,NA,348.6825,NA,NA,NA,African Countries,-68.59687019,Sub-Saharan Africa,0.342,0.407,0.582,3.174521866,3.945454467,6.323663082,5.745009899,8.409995609,11.56404819,72.81303273
UKR,Ukraine,88.6066464,88.6066464,88.6066464,92.62896255,90.61780448,90.61780448,NA,96,94.3,94.3,3.682195524,93.51,88.6066464,88.61,88.61,88.61,88.6066464,13,14,13.5,80,82,81,478.3699,17,20,18.5,Rest of World,61.09052981,Europe & Central Asia,0.75,0.716,0.779,9.279101352,10.84253856,11.12273899,12.5736599,12.79876041,13.32800961,92.25219024
ARE,United Arab Emirates,79.47521011,79.47521011,79.47521011,84.59684243,82.03602627,82.03602627,NA,83,87.1,87.1,5.06397373,89.06,79.47521011,79.48,79.48,79.48,79.47521011,11,13,12,72,77,74.5,451.1339,10,16,13,Rest of World,33.85452981,MENA,0.713,0.79,0.94,5.758099967,8.47862322,12.98999977,9.683460236,10.32631519,15.60159016,88.2819213
GBR,United Kingdom,98.180577,99.24807036,99.32375402,99.99995542,99.66185472,99.66185472,100,100,99.1,99.1,NA,100,98.23423175,98.23,98.35,98.44,98.44204459,11,12,11.5,87,88,87.5,519.4038,19,22,20.5,Rest of World,102.1244298,Europe & Central Asia,0.812,0.87,0.946,9.636809928,10.70033174,13.48999977,13.64140034,15.99540997,17.81106949,99.25590587
USA,United States,92.77152649,NA,95.93890359,99.06980854,97.50435607,97.50435607,98,98,97.5,97.5,NA,98.64,95.86300358,95.86,95.86,95.91,95.91417983,13,12,12.5,87,89,88,521.2767,22,23,22.5,Rest of World,103.9973298,North America,0.878,0.895,0.938,12.97999954,12.95999985,13.90999985,15.60052013,15.40754986,15.92300034,97.7274648
URY,Uruguay,NA,NA,NA,87.60702726,87.60702726,87.60702726,96,96,90.6,90.6,2.992972737,90.31,NA,NA,NA,NA,NA,9,11,10,75,76,75.5,446.6065,12,15,13.5,Rest of World,29.32712981,Latin America & Caribbean,0.713,0.764,0.862,7.154903077,8.315714087,10.53999996,12.9682703,14.16732025,17.4839592,88.18352961
UZB,Uzbekistan,89.00641552,89.00641552,89.00641552,NA,89.00641552,89.00641552,NA,87,NA,80,NA,82.43,89.61366924,89.01,89.01,89.01,89.00641552,11,12,11.5,76,78,77,NA,11,14,12.5,Rest of World,NA,Europe & Central Asia,NA,0.603,0.74,NA,10.06157244,11.90999985,11.07470989,10.59078026,12.46086979,83.9525
VUT,Vanuatu,NA,NA,NA,NA,NA,94.15957622,NA,84,NA,84,NA,80.96,NA,NA,NA,NA,NA,7,9,8,72,75,73.5,317.0284,5,8,6.5,Rest of World,-100.2509702,East Asia & Pacific,NA,NA,0.621,NA,NA,7.183209727,7.575694146,9.334440231,11.81160992,73.35805359
VEN,Venezuela,81.04666667,81.54830846,82.37312606,83.74253731,83.05783168,83.05783168,NA,89,83.5,83.5,0.442168315,82.33,82.23349523,82.23,82.23,82.37,82.37312606,9,12,10.5,66,71,68.5,432.937,10,15,12.5,Rest of World,15.65762981,Latin America & Caribbean,0.658,0.703,0.709,5.340000153,7.821817918,9.678385373,10.27801037,10.45304966,12.96537654,81.00484547
VNM,Vietnam,77.39425479,77.95204886,77.84319472,101.3734232,89.60830895,89.60830895,NA,96,94,94,4.39169105,93.59,77.8479328,77.85,77.85,77.84,77.84319472,8,11,9.5,77,82,79.5,520.6438,7,14,10.5,Rest of World,103.3644298,East Asia & Pacific,NA,NA,NA,NA,NA,NA,NA,NA,NA,98.52
VGB,Virgin Islands,NA,NA,NA,NA,NA,76.56618122,NA,NA,NA,NA,NA,NA,NA,NA,NA,NA,NA,12,13,12.5,74,74,74,NA,16,18,17,Rest of World,NA,Latin America & Caribbean,NA,NA,NA,NA,NA,NA,NA,NA,NA,NA
YEM,Yemen,73.16913423,72.17651964,72.22918385,60,66.11459193,66.11459193,NA,83,80.5,80.5,14.38540807,69.98,72.22546719,72.23,72.23,72.23,72.22918385,NA,NA,NA,NA,NA,NA,254.7073,NA,NA,NA,Rest of World,-162.5720702,MENA,0.359,0.439,0.47,0.32312139,1.337054027,5.484149933,5.393598749,7.207654953,7.494902735,67.34223691
ZMB,Zambia,NA,NA,NA,NA,NA,68.84231119,77,77,74,74,5.157688807,68.85,NA,NA,NA,NA,NA,7,NA,7,51,NA,51,301.4299,3,NA,3,African Countries,-115.8494702,Sub-Saharan Africa,0.422,0.429,0.595,4.480000019,5.390482085,7.397408543,7.79542017,8.561715661,11.02052892,76.9976
ZWE,Zimbabwe,74.0062144,74.0062144,74.0062144,NA,74.0062144,74.0062144,66,66,72.1,72.1,NA,71.19,74.0062144,74.01,74.01,74.01,74.0062144,9,11,10,54,56,55,388.1569,5,5,5,African Countries,-29.12247019,Sub-Saharan Africa,0.5,0.458,0.598,5.026712187,6.543999958,8.930847216,9.529560089,10.41816044,11.05745312,72.20108463