Population,Leeetal2018,Piffer2015,Piffer 2015 IQ,Continent
Afr.Car.Barbados,-0.6347048,0.3726,83,AA
US Blacks,-0.6271137,0.3909,85,AA
Bengali Bangladesh,-0.3285617,0.4858,81,SA
Chinese Dai,0.005573602,0.5568,,EA
Utah Whites,-0.08441071,0.5298,99,E
"Chinese, Bejing",0.144344,0.6182,105,EA
"Chinese, South",0.09146219,0.6,105,EA
Colombian,-0.2238186,0.4852,83.5,Am
"Esan, Nigeria",-0.6348654,0.3607,71,A
Finland,0.008205303,0.54,101,E
"British, GB",-0.12955,0.5427,100,E
"Gujarati Indian, Tx",-0.2249857,0.5126,,SA
Gambian,-0.6347238,0.3451,62,A
"Iberian, Spain",-0.02728215,0.5294,97,E
"Indian Telegu, UK",-0.218998,0.5066,,SA
Japan,0.1251292,0.6076,105,EA
Vietnam,0.02618465,0.5914,99.4,EA
"Luhya, Kenya",-0.6544215,0.334,74,A
"Mende, Sierra Leone",-0.6951301,0.3516,64,A
Mexican in L.A.,-0.362824,0.4871,88,Am
"Peruvian, Lima",-0.5506642,0.5006,85,Am
"Punjabi, Pakistan",-0.2904234,0.4976,84,SA
Puerto Rican,-0.2585411,0.4792,83.5,Am
"Sri Lankan, UK",-0.2732488,0.4754,79,SA
"Toscani, Italy",-0.07745173,0.5229,99,E
"Yoruba, Nigeria",-0.6108988,0.3391,71,A
